rang;chemin;type;clics_gsc_28j;vues_wix;statut;date_controle;ecarts
1;/post/durée-de-la-garde-à-vue-24h-48h-96h-combien-de-temps-maximum;post;1102;17987;bloquée;2026-07-21;meta description diffère (Wix vs excerpt Next) — arbitrage SEO éditorial requis, non corrigé de ma propre initiative
2;/post/affaire-christophe-b-gironde-une-enquête-criminelle-d-envergure;post;1032;1206;conforme;2026-07-21;texte, titres, listes (dont FAQ), SEO conformes
3;/post/itt-pénale-définition-en-2025;post;892;10647;conforme;2026-07-21;texte, titres, SEO conformes
4;/post/indemnisation-civi-2025-guide-complet-pour-les-victimes-d-infractions;post;515;12343;bloquée;2026-07-21;meta description diffère (Wix vs excerpt Next) — arbitrage SEO éditorial requis, non corrigé de ma propre initiative
5;/post/l-abus-de-confiance-en-droit-français-ce-que-vous-devez-savoir-en-2025;post;276;7466;conforme;2026-07-21;texte, titres, SEO conformes
6;/post/sarvi-comment-récupérer-vos-dommages-et-intérêts-après-une-condamnation-pénale;post;270;3734;conforme;2026-07-21;texte, titres, SEO conformes
7;/;cabinet;220;;à faire;;
8;/post/qu-est-ce-qu-une-période-de-sureté;post;213;6531;bloquée;2026-07-21;meta description diffère (Wix vs excerpt Next) — arbitrage SEO éditorial requis, non corrigé de ma propre initiative
9;/post/mis-en-cause-temoin-assiste-prevenu-accuse-differences;post;196;8724;conforme;2026-07-21;texte, titres, SEO conformes
10;/post/la-garde-à-vue-définition-droits-et-conséquences;post;190;3375;conforme;2026-07-21;texte, titres, SEO conformes
11;/post/la-détention-domiciliaire-sous-surveillance-électronique-ddse-comprendre;post;181;4853;bloquée;2026-07-21;meta description diffère (Wix vs excerpt Next) — arbitrage SEO éditorial requis, non corrigé de ma propre initiative
12;/post/sinistre-automobile-mon-assurance-de-véhicule-me-réclame-la-preuve-achat;post;176;8542;conforme;2026-07-21;texte, titres, SEO conformes
13;/post/contrôle-coercitif-reconnaître-agir;post;147;4845;bloquée;2026-07-21;meta description diffère (Wix vs excerpt Next) — arbitrage SEO éditorial requis, non corrigé de ma propre initiative
14;/post/la-préméditation-en-droit-pénal-français-définition-et-conséquences-juridiques;post;135;3829;bloquée;2026-07-21;meta description diffère (Wix vs excerpt Next) — arbitrage SEO éditorial requis, non corrigé de ma propre initiative
15;/post/responsabilité-du-fait-des-choses-quels-recours-en-cas-de-chute-d-objet-tombé-ou-d-équipement-déf;post;127;345;bloquée;2026-07-21;meta description diffère (Wix vs excerpt Next) — arbitrage SEO éditorial requis, non corrigé de ma propre initiative
16;/post/l-aménagement-de-peine-comment-peut-il-s-appliquer;post;114;5436;bloquée;2026-07-21;meta description diffère (Wix vs excerpt Next) — arbitrage SEO éditorial requis, non corrigé de ma propre initiative
17;/post/garde-à-vue-et-casier-judiciaire-quelles-traces-sont-conservées;post;112;1570;conforme;2026-07-21;texte, titres, listes (dont FAQ), SEO conformes
18;/post/garde-à-vue-ou-audition-libre-différences-essentielles-à-connaître;post;111;3636;bloquée;2026-07-21;meta description diffère (Wix vs excerpt Next) — arbitrage SEO éditorial requis, non corrigé de ma propre initiative
19;/post/accident-du-travail-comment-obtenir-votre-indemnisation;post;110;4303;conforme;2026-07-21;texte, titres, SEO conformes
20;/post/dépôt-de-plainte-en-france-comment-porter-plainte-efficacement;post;109;2079;conforme;2026-07-21;texte, titres, SEO conformes
21;/post/accident-médical-oniam-dans-quels-cas-pouvez-vous-être-indemnisé;post;105;1453;bloquée;2026-07-21;meta description diffère (Wix vs excerpt Next) — arbitrage SEO éditorial requis, non corrigé de ma propre initiative
22;/post/sarvi-ou-civi-indemnisation-victimes;post;103;1266;conforme;2026-07-21;texte, titres, listes (dont FAQ), SEO conformes
23;/post/piéton-renversé-quel-est-le-montant-de-l-indemnisation;post;102;3055;conforme;2026-07-21;texte, titres, SEO conformes
24;/post/claudine-baquey-remise-en-liberte-controle-judiciaire;post;95;1597;conforme;2026-07-21;texte, titres, listes (dont FAQ), SEO conformes
25;/post/abandon-de-poste-quels-risques;post;93;3275;bloquée;2026-07-21;meta description diffère (Wix vs excerpt Next) — arbitrage SEO éditorial requis, non corrigé de ma propre initiative
26;/post/arnaque-en-ligne-victime-escroquerie-recours;post;93;220;bloquée;2026-07-21;meta description diffère (Wix vs excerpt Next) — arbitrage SEO éditorial requis, non corrigé de ma propre initiative
27;/post/ma-procédure-judiciaire-n-avance-pas-puis-je-obtenir-une-indemnisation-pour-ce-délai-déraisonnable;post;78;575;conforme;2026-07-21;texte, titres, listes (dont FAQ), SEO conformes
28;/post/comment-assigner-l-état-en-responsabilité-pour-faute-lourde;post;77;915;conforme;2026-07-21;texte, titres, listes (dont FAQ), SEO conformes
29;/post/casier-judiciaire-comprendre-et-effacer;post;76;3151;bloquée;2026-07-21;meta description diffère (Wix vs excerpt Next) — arbitrage SEO éditorial requis, non corrigé de ma propre initiative
30;/post/bail-commercial-la-révision-du-loyer-comment-est-ce-que-cela-fonctionne;post;64;5317;conforme;2026-07-21;texte, titres, SEO conformes
31;/post/que-se-passe-t-il-après-une-garde-à-vue;post;60;3171;conforme;2026-07-21;"texte, titres, FAQ, SEO conformes ; signature « Cabinet Plouton » (caption) non reproduite (ignoré)"
32;/post/assassinat-à-commensacq-40-affaire-guy-lecomte-revivez-cette-enquête-hors-norme-et-le-procès-d;post;59;1123;bloquée;2026-07-21;meta description diffère (Wix vs excerpt Next) — arbitrage SEO éditorial requis, non corrigé de ma propre initiative
33;/post/indemnisation-passager-accident-route;post;55;68;bloquée;2026-07-21;meta description diffère (Wix vs excerpt Next) — arbitrage SEO éditorial requis, non corrigé de ma propre initiative
34;/post/le-pretium-doloris-guide-complet-pour-les-victimes-d-accidents;post;53;2163;bloquée;2026-07-21;meta description diffère (Wix vs excerpt Next) — arbitrage SEO éditorial requis, non corrigé de ma propre initiative
35;/notre-cabinet;cabinet;50;;à faire;;
36;/post/prestation-compensatoire-comment-est-elle-calculée-guide-complet;post;45;179;bloquée;2026-07-21;"meta description diffère (Wix vs excerpt Next) — arbitrage SEO éditorial requis, non corrigé de ma propre initiative ; cartes d'aperçu de lien Wix non reproduites (ignoré)"
37;/post/affaire-matias-batista-une-affaire-criminelle-à-la-complexité-hors-norme-un-verdict-à-la-hauteur;post;43;2529;bloquée;2026-07-21;meta description diffère (Wix vs excerpt Next) — arbitrage SEO éditorial requis, non corrigé de ma propre initiative
38;/post/revue-de-presse-affaire-chahinez-daoud-plouton;post;42;607;conforme;2026-07-21;texte, titres, listes (dont FAQ), SEO conformes
39;/post/l-interdiction-de-gérer-une-sanction-professionnelle-pour-dirigeants-d-entreprises-en-difficulté;post;38;1650;bloquée;2026-07-21;meta description diffère (Wix vs excerpt Next) — arbitrage SEO éditorial requis, non corrigé de ma propre initiative
40;/post/indemnisation-accident-moto-motard;post;38;85;conforme;2026-07-21;"texte/SEO conformes ; cartes d'aperçu de lien Wix non reproduites (présentation, ignoré)"
41;/post/l-assignation-à-résidence-sous-surveillance-électronique-arse-comprendre;post;37;1675;bloquée;2026-07-21;meta description diffère (Wix vs excerpt Next) — arbitrage SEO éditorial requis, non corrigé de ma propre initiative
42;/post/nullité-du-dépistage-de-produits-stupéfiants-lors-d-un-contrôle-routier;post;37;752;bloquée;2026-07-21;meta description diffère (Wix vs excerpt Next) — arbitrage SEO éditorial requis, non corrigé de ma propre initiative
43;/post/les-prud-hommes-ont-désormais-un-mois-pour-statuer-sur-une-prise-d-acte;post;35;484;bloquée;2026-07-21;meta description diffère (Wix vs excerpt Next) — arbitrage SEO éditorial requis, non corrigé de ma propre initiative
44;/post/5-8-millions-d-euros-détournés-chez-des-notaires;post;32;473;bloquée;2026-07-21;meta description diffère (Wix vs excerpt Next) — arbitrage SEO éditorial requis, non corrigé de ma propre initiative
45;/post/trafic-de-stupéfiants-à-bordeaux-alors-que-le-parquet-demandait-une-peine-de-6-ans-de-prison-ferme;post;31;65;bloquée;2026-07-21;"meta description diffère (Wix vs excerpt Next) — arbitrage SEO éditorial requis, non corrigé de ma propre initiative ; cartes d'aperçu de lien Wix non reproduites (ignoré)"
46;/post/réforme-de-la-prescription-pénale-comprendre-les-délais-et-les-nouvelles-règles;post;30;2374;bloquée;2026-07-21;meta description diffère (Wix vs excerpt Next) — arbitrage SEO éditorial requis, non corrigé de ma propre initiative
47;/post/feminicide-lison-toulouse-suicide-auteur-accompagnement-famille;post;29;1753;conforme;2026-07-21;texte, titres, listes (dont FAQ), SEO conformes
48;/post/une-saisie-de-meubles-qui-n-appartenaient-pas-aux-débiteurs;post;29;1374;conforme;2026-07-21;texte, titres, listes (dont FAQ), SEO conformes
49;/post/arnaque-aux-panneaux-solaires-nullité-du-contrat-futura-international-et-du-prêt-domofinance;post;28;421;conforme;2026-07-21;texte, titres, listes (dont FAQ), SEO conformes
50;/post/qu-est-ce-que-le-bracelet-anti-rapprochement;post;27;907;conforme;2026-07-21;texte, titres, listes (dont FAQ), SEO conformes
51;/post/droit-de-visite-et-ordonnance-de-protection-notre-cabinet-défend-le-maintien-du-lien-père-enfant;post;27;181;conforme;2026-07-21;texte, titres, listes (dont FAQ), SEO conformes
52;/post/chirurgie-esthetique-ratee-indemnisation;post;27;147;à faire;;
53;/post/poursuivi-pour-violences-conjugales-en-comparution-immédiate-notre-client-ressort-libre-de-l-audien;post;26;552;à faire;;
54;/post/drame-de-castillon-de-meurtre-en-bande-organisée-à-violences-aggravées-retour-sur-une-victoir;post;26;548;à faire;;
55;/post/prêt-d-argent-entre-concubins-sans-reconnaissance-de-dette-le-tribunal-judiciaire-retient-l-imposs;post;25;1336;à faire;;
56;/post/accident-du-travail-recours-contre-le-tiers-responsable;post;25;785;à faire;;
57;/post/accompagnement-défense-et-indemnisation-des-victimes-d-inceste;post;25;611;à faire;;
58;/post/test-salivaire-positif-au-stupéfiant-et-cbd-le-cabinet-obtient-la-nullité-de-la-procédure-et-la-rel;post;24;753;à faire;;
59;/post/cabinet-plouton-indemnisation-victime-viol-civi-tarbes;post;24;394;à faire;;
60;/post/coups-de-feu-devant-le-bara-club-une-nuit-placée-sous-le-signe-de-la-stupéfaction-à-mimizan;post;24;101;à faire;;
61;/post/traumatisme-cranien-accident-voiture;post;23;699;à faire;;
62;/post/restitution-d-une-arme-de-chasse-à-un-client-après-saisie-et-placement-sous-scellé-deux-ans-plus-tôt;post;23;344;à faire;;
63;/post/echelle-de-glasgow;post;23;101;à faire;;
64;/post/plaidoirie-pour-chahinez;post;22;1295;à faire;;
65;/post/annulation-d-un-contrat-de-pompe-à-chaleur-et-victoire-en-droit-de-la-consommation;post;22;295;à faire;;
66;/post/escroqueries-par-un-mandataire-automobile;post;21;449;à faire;;
67;/post/trafic-de-cocaïne-à-bordeaux-5-ans-de-prison-au-lieu-de-8-ans-requis-par-le-parquet;post;20;543;à faire;;
68;/post/ecoarnaque-aux-panneaux-photovoltaïques-eco-environnement-et-franfinance-condamnées-à-rembourser-pl;post;20;511;à faire;;
69;/post/trafic-international-de-cannabis-et-de-cocaïne-entre-la-france-l-espagne-et-le-maroc;post;20;301;à faire;;
70;/post/comment-bien-préparer-mon-dossier-médical;post;19;1412;à faire;;
71;/post/qu-est-ce-que-la-comparution-immédiate;post;19;1117;à faire;;
72;/post/panneaux-solaires-nullité-du-contrat-solution-eco-energie-et-condamnation-de-cofidis-à-rembourser;post;19;407;à faire;;
73;/post/arnaque-aux-panneaux-solaires-le-cabinet-dépose-pour-ses-clients-une-série-de-plaintes-pénales;post;19;310;à faire;;
74;/post/application-de-la-responsabilité-du-fait-des-produits-défectueux-aux-biens-destinés-à-un-usage-profe;post;19;295;à faire;;
75;/post/demander-une-ordonnance-de-protection-en-2025;post;18;804;à faire;;
76;/post/nullité-de-la-poursuite;post;18;620;à faire;;
77;/post/indemnisation-incidence-professionnelle-accident-route-bordeaux;post;18;333;à faire;;
78;/post/trafic-de-stupéfiants-entre-marseille-et-la-corrèze-la-cour-d-appel-de-limoges-revoit-très-largeme;post;18;328;à faire;;
79;/post/defense-penale-vol-violences-sequestration-recidive;post;18;259;à faire;;
80;/post/trafic-de-stupéfiants-dans-la-cité-des-écus-au-bouscat-la-ruche-33110-n-est-pas-un-nid-de-frelons;post;17;550;à faire;;
81;/post/retour-sur-la-sanction-de-l-article-2293-du-code-civil-le-défaut-d-information-annuelle-de-la-caut;post;17;363;à faire;;
82;/post/indemnisation-vaccin-effets-indesirables-graves-oniam;post;17;71;à faire;;
83;/post/quelles-sont-les-principales-infractions-en-droit-pénal-des-affaires;post;16;783;à faire;;
84;/post/accident-mortel-du-travail-condamnation-pénale-de-l-employeur-et-indemnisation-pour-la-famille-la;post;16;533;à faire;;
85;/post/victimes-de-viol-incestueux-et-d-agression-sexuelle-le-cabinet-obtient-devant-la-civi-plus-de-130;post;16;500;à faire;;
86;/post/tribunal-judiciaire-une-ordonnance-de-protection-délivrée-pour-des-violences-psychologiques;post;16;265;à faire;;
87;/post/auto-entrepreneur-victime-d-un-accident-comment-justifier-une-perte-de-revenus-ou-d-exploitation;post;16;162;à faire;;
88;/post/100-000-d-indemnisation-pour-la-famille-de-la-victime-d-un-meurtre-jugé-par-la-cour-d-assises-de-l;post;15;1209;à faire;;
89;/post/de-la-tentative-de-meurtre-aux-violences-aggravées-une-défense-méthodique-validée;post;15;705;à faire;;
90;/post/vice-de-procédure-trafic-et-importation-de-produits-stupéfiants-relaxe-devant-la-cour-d-appel-de;post;15;681;à faire;;
91;/post/accident-du-travail-faute-inexcusable-majoration-maximale-de-la-rente-pour-l-épouse-et-les-enfants;post;15;535;à faire;;
92;/post/garde-alternée-la-mère-obtient-le-rejet-de-la-demande-présentée-par-le-père;post;15;400;à faire;;
93;/post/panneaux-solaires-et-photovoltaïque-la-cour-de-cassation-valide-notre-argumentation-dans-l-intérêt;post;15;374;à faire;;
94;/post/droit-pénal-bordeaux-trafic-de-stupéfiants;post;15;308;à faire;;
95;/post/loi-badinter-85-comprendre-vos-droits-à-indemnisation-après-un-accident-de-la-route;post;14;2149;conforme;2026-07-21;texte, titres, SEO conformes
96;/post/vol-de-véhicule-et-refus-d-indemnisation-de-l-assurance-automobile-la-macif-condamnée-à-hauteur-de;post;14;1017;à faire;;
97;/post/relaxe-pour-un-chef-d-entreprise-poursuivi-pour-travail-dissimulé-aggravé;post;14;542;à faire;;
98;/post/que-faire-en-cas-d-arnaque-au-contrat-de-leasing-d-un-photocopieur-caisse-enregistreuse;post;14;141;à faire;;
99;/post/prestation-compensatoire-notre-cabinet-obtient-le-rejet-d-une-demande-de-50-000-devant-le-jaf-de;post;14;81;à faire;;
100;/post/abus-de-confiance-et-détournement-de-clientèle-par-un-salarié-la-société-victime-indemnisée-pour-p;post;13;385;à faire;;
101;/post/contamination-par-le-vih-délit-d-administration-de-substances-nuisibles;post;13;304;à faire;;
102;/post/jugé-en-comparution-immédiate-après-une-garde-à-vue-pour-tentative-de-meurtre;post;13;246;à faire;;
103;/post/défense-d-une-victime-de-viol-conjugal-devant-la-cour-criminelle-départementale-de-la-seine-maritime;post;13;133;à faire;;
104;/post/rixe-mortelle-entre-bikers-à-tarbes-maitre-julien-plouton-interviendra-en-défense-devant-la-cour-d;post;13;67;à faire;;
105;/defense-penale/violences-conjugales-et-feminicides;expertise;13;;à faire;;
106;/post/comprendre-et-prévenir-la-responsabilité-pénale-du-dirigeant;post;12;764;à faire;;
107;/post/droit-visite-mediatise-interet-enfant-cabinet-plouton;post;12;506;à faire;;
108;/post/féminicide-de-nasrine-à-cenon;post;12;492;à faire;;
109;/post/surpopulation-carcérale-à-la-maison-d-arrêt-de-gradignan-maître-plouton-répond-au-figaro-sur-le-sen;post;12;359;à faire;;
110;/post/proxénétisme-aggravé;post;12;352;à faire;;
111;/post/accident-de-chargement-quand-un-camion-à-l-arrêt-engage-la-responsabilité-de-son-conducteur;post;12;332;à faire;;
112;/post/trafic-et-importation-de-stupéfiants-association-de-malfaiteurs-des-lyonnais-et-nîmois-jugés-à-bord;post;12;263;à faire;;
113;/post/défense-d-une-jeune-femme-victime-de-viol-en-réunion;post;12;225;à faire;;
114;/post/annulation-d-un-contrat-de-panneaux-photovoltaïques-pour-défaut-d-information-sur-le-droit-de-rétrac;post;11;459;à faire;;
115;/post/braquage-de-l-intermarché-de-beaumont-de-lomagne-82-réduction-de-peine-de-moitié-pour-notre-clie;post;11;428;à faire;;
116;/post/trafic-de-stupéfiants-à-libourne-et-castillon-une-défense-active-dans-un-procès-tentaculaire;post;11;391;à faire;;
117;/post/précision-sur-l-intérêt-collectif-des-consommateurs-l-action-en-réparation-du-préjudice-causé-à-l;post;11;260;à faire;;
118;/post/meurtre-a-coups-de-talon-passage-de-maître-plouton-dans-l-émission-crime-et-faits-divers;post;11;257;à faire;;
119;/defense-penale/droit-penal-des-affaires;expertise;11;;à faire;;
120;/nos-affaires;blog-nav;11;;à faire;;
121;/post/accident-mortel-de-la-circulation-causé-par-une-personne-âgée-de-la-nécessaire-réforme-du-permis-d;post;10;808;à faire;;
122;/post/acquittement-aux-assises-pour-tentative-d-assassinat-cours-de-la-marne-à-bordeaux-notre-client-est;post;10;296;à faire;;
123;/post/intervention-de-maître-plouton-dans-l-enquête-elle-sur-l-inceste-le-cabinet-acteur-engagé-auprès;post;10;131;à faire;;
124;/post/intervention-du-cabinet-devant-la-cour-criminelle-départementale-accompagnement-d-un-jeune-mineur;post;10;68;à faire;;
125;/post/bail-commercial-recours-exercer-preneur-a-lencontre-bailleur-cas-loyer-eleve;post;9;934;à faire;;
126;/post/huit-ans-de-prison-pour-les-braqueurs-de-la-bijouterie-prévôt;post;9;364;à faire;;
127;/post/trafics-de-stupéfiants-à-angoulême;post;9;342;à faire;;
128;/post/inceste-avocat-plouton-temoignage-conséquences;post;9;336;à faire;;
129;/post/indemnisation-d-une-cliente-brulée-au-cuir-chevelu-lors-d-une-coloration-dans-un-salon-de-coiffure;post;9;331;à faire;;
130;/post/défense-des-femmes-victimes-de-violences-conjugales-maricide-et-légitime-défense-une-affaire;post;9;329;à faire;;
131;/post/indemnisation-de-la-perte-de-chance-d-occuper-un-emploi-à-temps-plein;post;9;307;à faire;;
132;/post/proposition-de-loi-inceste-et-imprescriptibilité-le-cabinet-plouton-au-cœur-des-avancées-législati;post;9;281;à faire;;
133;/post/accident-voyage-organise-etranger-responsabilite-agence;post;9;268;à faire;;
134;/post/braquage-d-un-convoyeur-de-fonds-loomis;post;9;265;à faire;;
135;/post/poursuites-pour-abus-de-biens-sociaux-à-papeete-la-citation-directe-de-cma-cgm-déclarée-irrecevabl;post;9;76;à faire;;
136;/post/relaxe-pour-le-gérant-d-un-garage-automobile-poursuivi-en-tant-que-siveur-dans-une-vaste-affaire-d-e;post;9;34;à faire;;
137;/post/prison-pour-un-go-fast;post;8;286;à faire;;
138;/post/trafic-de-stupéfiants-nouvelle-victoire-procédurale-pour-le-cabinet;post;8;278;à faire;;
139;/post/accident-de-la-circulation-indemnisation-à-hauteur-de-2-millions-d-euros-pour-une-victime-tétraplég;post;8;226;à faire;;
140;/post/affaire-sylvia-iannello-à-martigues-un-féminicide-doublé-de-carences-dans-la-prise-en-charge-des-a;post;8;199;à faire;;
141;/post/bordeaux-relaxe-pour-le-gérant-d-une-société-de-revente-en-gros-de-cbd-poursuivi-pour-trafic-de-st;post;8;187;à faire;;
142;/post/affaire-claudine-b-proces-criminel-plouton;post;7;480;à faire;;
143;/post/fusillade-lormont-defense-tireur-presume;post;7;470;à faire;;
144;/post/sinistre-incendie-l-assurance-condamné-à-indemniser-notre-cliente-à-hauteur-de-600-000-malgré-son;post;7;450;à faire;;
145;/post/les-4-plus-gros-braquages-de-bijouterie-commis-à-bordeaux-ces-20-dernières-années-sud-ouest-évoque;post;7;380;à faire;;
146;/post/locations-financières-de-photocopieurs-plus-de-100-000-d-indemnités-récupérées-économisées-par-no;post;7;370;à faire;;
147;/post/accident-mortel-à-chaniers-17-le-cabinet-obtient-près-de-350-000-euros-d-indemnisation-pour-les;post;7;258;à faire;;
148;/post/morsure-de-chien-à-la-main-indemnisation-de-plus-de-30-000-pour-la-victime;post;7;253;à faire;;
149;/post/reconstitution-criminelle-féminicide-de-nasrine-bensalem-à-cenon;post;7;192;à faire;;
150;/post/tribunal-correctionnel-de-toulouse-intervention-en-partie-civile-pour-des-pme-victimes-de-pratique;post;7;171;à faire;;
151;/post/double-assassinat-de-retjons-dans-les-landes-un-drame-terrible-et-sanglant-sur-fond-de-vengeance-p;post;7;123;à faire;;
152;/honoraires-rendez-vous;cabinet;7;;à faire;;
153;/post/feminicide-martigues-iannello-cabinet-plouton;post;6;1059;à faire;;
154;/post/morsure-de-chien-au-visage-30-000-euros-d-indemnisation;post;6;598;à faire;;
155;/post/dossier-air-cocaïne-à-la-jirs-de-bordeaux-le-cabinet-évite-le-retour-en-détention-à-son-client;post;6;417;à faire;;
156;/post/corps-retrouvé-dans-la-dordogne-à-castillon-la-bataille-la-piste-du-meurtre-retenue;post;6;350;à faire;;
157;/post/tentative-feminicide-pessac-accompagnement-victime-indemnisation;post;6;326;à faire;;
158;/post/accident-medical-bandelette-sous-uretrale-indemnisation;post;6;325;à faire;;
159;/post/trafic-de-stupéfiants-à-la-cité-maurice-thorez-de-begles-l-heure-du-jugement;post;6;323;à faire;;
160;/post/défense-des-consommateurs-et-arnaque-panneaux-photovoltaïques-nullité-du-contrat-france-elec-indus;post;6;297;à faire;;
161;/post/cap-ferret-relaxe-pour-benoît-bartherotte;post;6;229;à faire;;
162;/post/affaire-chahinez-daoud-action-en-responsabilité-contre-l-état-la-demande-de-sursis-à-statuer-présen;post;6;210;à faire;;
163;/post/un-chirurgien-dentiste-condamné-à-verser-50-000-de-provision-à-notre-cliente-victime-de-soins-dent;post;5;420;à faire;;
164;/post/blessures-involontaires-responsabilité-pénale-des-personnes-morales;post;5;389;à faire;;
165;/post/feminicide-nelly-moulis-medoc-cabinet-plouton-parties-civiles;post;5;285;à faire;;
166;/post/accident-de-la-route-indemnisation-de-80-000-pour-une-conductrice-victime-d-une-fracture-du-pied-1;post;5;251;à faire;;
167;/post/décès-d-un-patient-à-la-suite-d-une-erreur-de-diagnostic-le-cabinet-assigne-le-médecin-après-un-no;post;5;248;à faire;;
168;/post/droit-penal-escroquerie-des-mariés-de-bègles;post;5;232;à faire;;
169;/post/agression-à-la-machette-sur-le-cour-de-l-yser-intervention-en-partie-civile-devant-la-cour-d-assis;post;5;230;à faire;;
170;/post/homicide-involontaire-par-arme-à-feu-indemnisation-de-plus-de-160-000-pour-la-famille-de-la-victi;post;5;227;à faire;;
171;/post/coups-de-feu-à-castelnau-de-medoc-en-septembre-2021-le-cabinet-saisit-en-défense-par-monsieur-b;post;5;202;à faire;;
172;/post/droit-des-contrats-droit-de-la-consommation-annulation-du-contrat-de-fourniture-de-panneaux-solair;post;5;194;à faire;;
173;/post/affaire-indemnisation-incendie-civi-bordeaux;post;5;186;à faire;;
174;/droit-des-contrats-et-des-personnes/defense-des-consommateurs;expertise;5;;à faire;;
175;/post/pompes-funebres-location-financiere-bordeaux;post;4;410;à faire;;
176;/post/accident-médical-responsabilité-médicale-et-aléa-thérapeutique;post;4;355;à faire;;
177;/post/affaire-lasri-notre-cabinet-saisi-en-défense-pour-le-principal-mis-en-examen;post;4;334;à faire;;
178;/post/homicide-routier-haillan-controle-judiciaire-defense-penale;post;4;318;à faire;;
179;/post/vol-et-détournement-de-matériels-militaires;post;4;318;à faire;;
180;/post/à-périgueux-un-procès-effacé-par-la-rigueur-du-droit-procédural;post;4;310;à faire;;
181;/post/divorce-obtention-d-un-droit-de-visite-et-d-hébergement-classique-pour-le-père-malgré-le-refus-de-l;post;4;307;à faire;;
182;/post/feminicide-saint-raphael-edith-verite;post;4;275;à faire;;
183;/post/chef-d-entreprise-poursuivi-pour-travail-dissimulé-nullité-de-la-citation-à-comparaitre;post;4;273;à faire;;
184;/post/cour-d-assises-de-la-gironde-meurtre-de-listrac-médoc-notre-cliente-reste-en-liberté-à-l-issue-du;post;4;245;à faire;;
185;/post/divorce-le-père-obtient-la-garde-de-son-fils-pour-cause-d-éloignement-géographique-de-la-mère;post;4;238;à faire;;
186;/post/vente-de-cbd-relaxe-pour-2-commerçants-poursuivis-pour-trafic-de-stupéfiants;post;4;237;à faire;;
187;/post/vente-de-véhicule-vice-caché-résolution-de-la-vente-et-restitution-du-prix-exécution-provisoir;post;4;234;à faire;;
188;/post/assassinat-de-barsac-un-verdict-à-la-hauteur-de-la-gravité-des-faits;post;4;231;à faire;;
189;/post/faute-médicale-défaut-de-diagnostic-du-médecin-obstétricien-le-cabinet-obtient-une-indemnisation;post;4;231;à faire;;
190;/post/braquage-de-la-bijouterie-prévôt-en-plein-coeur-de-bordeaux-l-heure-des-débats;post;4;229;à faire;;
191;/post/droit-du-travail-plan-de-sauvegarde-de-l-emploi-pse-validité-nullité;post;4;227;à faire;;
192;/post/la-cour-de-cassation-refuse-d-étendre-la-présomption-d-imputabilité-du-préjudice-à-l-amiante-à-la-vi;post;4;218;à faire;;
193;/post/licenciement-pour-inaptitude-le-cabinet-obtient-pour-l-employeur-la-réformation-d-un-jugement-du;post;4;211;à faire;;
194;/post/médical-l-erreur-de-diagnostic-n-est-pas-nécessairement-fautive;post;4;211;à faire;;
195;/post/justice-a-été-rendue-pour-une-femme-victime-de-violences-conjugales-habituelles-et-accusée-par-son-e;post;4;203;à faire;;
196;/post/relaxe-appel-cambriolages-association-malfaiteurs-preuve-telephonie;post;4;201;à faire;;
197;/post/drame-passionnel-à-artigues-le-cabinet-saisi-en-défense;post;4;183;à faire;;
198;/post/cour-d-assises-d-angoulême-à-la-défense;post;4;168;à faire;;
199;/post/appels-téléphoniques-malveillants-les-proches-de-la-victime-peuvent-aussi-être-indemnisés;post;4;98;à faire;;
200;/post/affrontements-en-marge-d-un-match-de-football-à-la-beaujoire-un-procès-devant-la-cour-d-assises-de;post;4;42;à faire;;
201;/droit-des-contrats-et-des-personnes/droit-de-la-famille/avocat-divorce-bordeaux;expertise;4;;à faire;;
202;/post/non-representation-enfant-defense-strategie-avocat;post;3;505;à faire;;
203;/post/femmage-de-lison;post;3;500;à faire;;
204;/post/un-couple-detourne-3800000euros;post;3;424;à faire;;
205;/post/affaire-chahinez-un-féminicide-qui-aurait-pu-être-évité;post;3;384;à faire;;
206;/post/location-financière-de-photocopieur-et-contrat-de-maintenance-le-cabinet-obtient-la-nullité-des-co;post;3;381;à faire;;
207;/post/rixe-mortelle-à-bègles;post;3;336;à faire;;
208;/post/responsabilité-médicale-le-cabinet-obtient-près-de-35-000-euros-pour-son-client-victime-d-une-erre;post;3;319;à faire;;
209;/post/affaire-chahinez-daoud-mise-en-accusation-pour-assassinat-confirmée;post;3;316;à faire;;
210;/post/agressions-sexuelles-sur-mineurs-de-quinze-ans-à-bordeaux-et-à-toulouse-le-cabinet-défend-les-vict;post;3;276;à faire;;
211;/post/tentative-de-suicide-collectif-à-nieul-sur-mer-près-de-la-rochelle-condamnée-par-la-cour-d-assise;post;3;263;à faire;;
212;/post/confusion-des-peines-devant-la-cour-d-assises;post;3;243;à faire;;
213;/post/défense-pénale-d-un-chef-d-entreprise;post;3;231;à faire;;
214;/post/vente-d-une-maison-avec-un-désordre-affectant-la-toiture-le-cabinet-obtient-en-appel-la-mise-hors-d;post;3;228;à faire;;
215;/post/photovoltaïque-nullité-des-bons-de-commande-faute-de-la-banque-france-climat-et-bnp-paribas-pe;post;3;221;à faire;;
216;/post/notre-defense-permet-reduction-peine-recidiviste;post;3;213;à faire;;
217;/post/procès-de-l-incendie-de-la-rue-erlanger-verdict-de-la-cour-d-assises-de-paris;post;3;210;à faire;;
218;/post/opposabilité-d-un-rapport-d-expertise-amiable;post;3;196;à faire;;
219;/post/assassinat-sur-conjoint-la-défense-fait-écarter-la-réclusion-criminelle-à-perpétuité;post;3;193;à faire;;
220;/post/acquittement-par-la-cour-d-assises-d-appel;post;3;183;à faire;;
221;/post/prestation-compensatoire-notre-cabinet-obtient-le-rejet-de-deux-demandes-devant-le-jaf-de-bordeaux;post;3;82;à faire;;
222;/post/cycliste-renverse-preuves-indemnisation;post;3;42;à faire;;
223;/post/projet-immobilier-de-luxe-dans-la-creuse-le-cabinet-obtient-le-placement-sous-contrôle-judiciaire;post;3;34;à faire;;
224;/post/sinistre-habitation-recours-assurance;post;3;21;à faire;;
225;/post/escroquerie-au-permis-de-conduire-à-bordeaux-après-l-annulation-des-premières-poursuites-le-tribu;post;3;18;à faire;;
226;/indemnisation-des-victimes/accidents-et-erreurs-medicales;expertise;3;;à faire;;
227;/indemnisation-des-victimes/droit-et-accidents-du-travail;expertise;3;;à faire;;
228;/post/employeur-victime-de-l-exécution-déloyale-du-contrat-de-travail-par-un-salarié-indemnisation-de-pr;post;2;447;à faire;;
229;/post/arnaque-aux-photocopieurs-le-cabinet-lance-une-série-d-actions-au-pénal-et-au-civil-pour-deux-grou;post;2;313;à faire;;
230;/post/affaire-chahinez-daoud-les-grands-parents-récupèrent-la-garde-de-leurs-petits-enfants-la-hiérarch;post;2;300;à faire;;
231;/post/agressions-sexuelles-incestueuses-sur-mineur-de-quinze-ans-le-cabinet-intervient;post;2;287;à faire;;
232;/post/féminicides-quand-la-chaîne-pénale-s-enraye-analyse-du-dossier-du-point-et-regards-de-me-julien;post;2;284;à faire;;
233;/post/indemnisation-par-la-civi-de-la-belle-famille-d-une-victime-d-assassinat;post;2;259;à faire;;
234;/post/détournements-de-fonds-par-une-comptable-un-jugement-qui-ouvre-la-voie-à-une-dispense-de-peine-1;post;2;250;à faire;;
235;/post/nullité-de-procédure-nullité-de-la-garde-à-vue-dans-une-affaire-de-violences-aggravées;post;2;243;à faire;;
236;/post/homicide-involontaire-et-délit-de-fuite-le-cabinet-obtient-la-relaxe-de-son-client-du-chef-de-déli;post;2;241;à faire;;
237;/post/accident-de-manège-dans-une-fête-foraine-à-st-andré-de-cubzac-le-cabinet-engage-la-responsabilité;post;2;229;à faire;;
238;/post/tueur-à-trottinette-à-grenoble-le-cabinet-saisi-par-la-famille-de-la-victime;post;2;228;à faire;;
239;/post/ecoutez-christophe-hondelatte-dévoiler-la-personnalité-d-essia-boularès;post;2;226;à faire;;
240;/post/responsabilité-médicale-le-préjudice-spécifique-de-contamination;post;2;225;à faire;;
241;/post/porsche-cayenne-accidenté-en-tunisie-l-assurance-allianz-condamnée-à-bordeaux-pour-refus-d-indemnis;post;2;218;à faire;;
242;/post/défense-devant-le-tribunal-militaire-deux-jeunes-engagés-poursuivis-pour-désertion;post;2;214;à faire;;
243;/post/escroquerie-à-plus-de-6-millions-d-euros-par-un-réseau-international-jugement-en-dordogne;post;2;214;à faire;;
244;/post/féminicide-de-mérignac-intervention-de-maître-plouton-dans-l-émission-c-à-vous;post;2;213;à faire;;
245;/post/interview-de-maître-plouton-sur-tv7-affaire-chahinez-daoud;post;2;213;à faire;;
246;/post/accident-de-la-circulation-victime-tétraplégique-indemnisation-à-hauteur-de-2-millions-d-euros;post;2;208;à faire;;
247;/post/braquage-à-moto-de-la-bijouterie-du-centre-commercial-auchan-bordeaux-lac;post;2;208;à faire;;
248;/post/escroqueries-aux-cryptomonnaies-bitcoins-blockchain-fonds-d-investissement-gare-à-qui-vous-conf;post;2;205;à faire;;
249;/post/abandon-de-chantier-par-un-entrepreneur-indemnisation-de-plus-de-25-000-pour-le-client;post;2;194;à faire;;
250;/post/violences-aggravées-devant-la-discothèque-la-plage-indemnisation-de-plus-de-16-000-euros-pour-la-v;post;2;194;à faire;;
251;/post/crimes-et-faits-divers-victime-de-tentative-d-assassinat-au-chu-de-pellegrin;post;2;192;à faire;;
252;/post/contrat-de-crédit-affecté-faute-de-la-banque-déchéance-du-droit-à-restitution-des-fonds-prêtés;post;2;190;à faire;;
253;/post/cour-d-assises-cassation-remise-en-liberté-le-cabinet-obtient-dans-deux-affaires-distinctes;post;2;187;à faire;;
254;/post/incendie-criminel-à-aunay-sous-crecy-28-maitre-plouton-intervient-en-partie-civile-pour-le-fils-a;post;2;187;à faire;;
255;/post/maison-d-arrêt-de-gradignan-relaxe-pour-le-surveillant-de-prison;post;2;187;à faire;;
256;/post/cour-d-assises-de-la-gironde-meurtre-place-de-la-victoire-à-bordeaux;post;2;184;à faire;;
257;/post/remise-en-liberté-après-une-condamnation-aux-assises-à-10-ans-d-emprisonnement;post;2;181;à faire;;
258;/post/fusillade-aux-aubiers-notre-client-placé-sous-le-statut-de-témoin-assisté-pour-la-tentative-de-meu;post;2;146;à faire;;
259;/post/vente-de-photocopieur-et-d-une-caisse-enregistreuse-a-un-salon-de-coiffure-la-cour-d-appel-sanction;post;2;129;à faire;;
260;/defense-penale/defense-des-elus;expertise;2;;à faire;;
261;/defense-penale/droit-penal;expertise;2;;à faire;;
262;/indemnisation-des-victimes/accidents-de-la-route;expertise;2;;à faire;;
263;/post/accident-de-la-circulation-de-chaniers-le-cabinet-saisi-en-défense-par-les-familles-des-victimes;post;1;1227;à faire;;
264;/post/nullité-d-un-contrat-de-vente-de-panneaux-solaires-le-cabinet-fait-réaliser-à-ses-clients-une-écon;post;1;350;à faire;;
265;/post/affaire-chahinez-daoud-trois-ans-après-le-tragique-féminicide-de-chahinez-daoud-son-histoire-cont;post;1;290;à faire;;
266;/post/accident-route-septuagenaire-indemnisation-200000-euros;post;1;274;à faire;;
267;/post/escroquerie-à-la-cryptomonnaie-le-cabinet-dépose-une-série-de-plaintes-pénales-pour-de-nombreuses;post;1;272;à faire;;
268;/post/trafic-de-stupéfiants-nullité-de-procédure-comparution-immédiate-le-cabinet-obtient-la-nullité;post;1;265;à faire;;
269;/post/accident-du-travail-homicide-involontaire;post;1;250;à faire;;
270;/post/piéton-blessé-légèrement-après-avoir-été-percuté-par-une-voiture-près-de-20-000-d-indemnisation-p;post;1;244;à faire;;
271;/post/saisie-record-de-772-kg-de-cocaïne-au-pays-basque-le-cabinet-plouton-assure-la-défense;post;1;242;à faire;;
272;/post/affaire-baquey-maître-plouton-l-heure-du-crime-rtl;post;1;238;à faire;;
273;/post/accident-de-circulation-indemnisation-de-près-de-65-000-pour-la-victime-d-un-accident-de-vélo;post;1;235;à faire;;
274;/post/démantèlement-d-un-réseau-international-d-escroquerie-à-plus-de-6-millions-d-euros-le-cabinet-inte;post;1;233;à faire;;
275;/post/intervention-de-maître-plouton-dans-côte-b-la-nouvelle-émission-de-christophe-hondelatte-sur-eu;post;1;233;à faire;;
276;/post/entretien-avec-mathias-valon-sur-notre-activité-en-matière-de-cbd;post;1;225;à faire;;
277;/post/accident-mortel-angoisse-mort-imminente-tj-pau;post;1;222;à faire;;
278;/post/dossier-air-cocaïne-notre-client-reste-libre-avec-une-peine-de-4-ans-d-emprisonnement;post;1;218;à faire;;
279;/post/la-réparation-intégrale-en-matière-de-préjudice-professionnel;post;1;213;à faire;;
280;/post/trafic-de-stupéfiants-relaxes-partielles-et-restitutions-de-près-de-34-000-saisis-en-espèces-dans;post;1;209;à faire;;
281;/post/un-capitaine-de-cargo-russo-ukrainien-interpellé-au-port-de-bayonne-avec-2-grammes-d-alcool-dans-le;post;1;208;à faire;;
282;/post/reconstitution-criminelle-du-féminicide-de-mérignac;post;1;207;à faire;;
283;/post/vente-immobilière-et-vice-caché-le-cabinet-évite-une-condamnation-de-plus-de-50-000-euros-à-son-cl;post;1;204;à faire;;
284;/post/double-tentative-d-assassinat-pourvoi-en-cassation-contre-l-arrêt-de-la-cour-d-assises-de-la-dordog;post;1;202;à faire;;
285;/post/incendie-criminel-de-la-rue-erlanger-nous-intervenons-en-partie-civile-devant-la-cour-d-assises-de-1;post;1;200;à faire;;
286;/post/chute-au-sol-dans-une-piscine-publique-à-salles-33-le-cabinet-obtient-près-de-70-000-d-indemni;post;1;199;à faire;;
287;/post/violences-avec-arme-le-cabinet-obtient-la-relaxe-devant-la-cour-d-appel-d-un-prévenu-qui-avait-été;post;1;198;à faire;;
288;/post/accident-de-la-route-à-moto-indemnisation-de-70-000-pour-le-motard;post;1;194;à faire;;
289;/post/remise-en-liberté-après-une-condamnation-à-9-ans-d-emprisonnement-dans-l-attente-du-procès-en-appel;post;1;193;à faire;;
290;/post/escroquerie-abus-de-confiance-faux-et-usage-de-faux-le-cabinet-obtient-plus-de-115-000-euros-de;post;1;191;à faire;;
291;/post/cession-de-l-ex-usine-ford-par-la-société-magna-à-l-entreprise-allemande-mutares-le-cabinet-assiste;post;1;189;à faire;;
292;/post/vol-avec-arme-de-la-bijouterie-prévôt-12-ans-requis-contre-les-trois-braqueurs;post;1;189;à faire;;
293;/post/trafic-international-de-stupéfiants-le-cabinet-intervient-en-défense-de-l-un-des-principaux-mis-en;post;1;186;à faire;;
294;/post/accident-survenu-à-l-occasion-du-chargement-d-un-camion-le-cabinet-saisi-de-la-défense-des-intérêt;post;1;184;à faire;;
295;/post/droit-penal-relaxe-pratiques-commerciales-trompeuses-meubles;post;1;163;à faire;;
296;/post/homicide-involontaire-routier-landes-sursis-mont-de-marsan;post;1;13;à faire;;
297;/post/indemnisation-tetraplegie;post;1;12;à faire;;
298;/defense-penale;hub;1;;à faire;;
299;/defense-penale/proces-criminel;expertise;1;;à faire;;
300;/droit-des-contrats-et-des-personnes/droit-de-la-famille;expertise;1;;à faire;;
301;/indemnisation-des-victimes;hub;1;;à faire;;
302;/indemnisation-des-victimes/victimes-de-delits-ou-crimes;expertise;1;;à faire;;
303;/mentions-legales;cabinet;1;;à faire;;
304;/post/vente-d-une-maison-infestée-par-les-termites-90-000-de-dommages-et-intérêts-pour-l-acheteur;post;0;429;à faire;;
305;/post/escroc-et-empoisonneuse-claudine-79-ans-renvoyée-aux-assises;post;0;338;à faire;;
306;/post/dossier-d-escroquerie;post;0;305;à faire;;
307;/post/maitre-plouton-interview-france3-affaire-cantat;post;0;298;à faire;;
308;/post/procès-traite-humain-vigne;post;0;274;à faire;;
309;/post/cbd-le-tribunal-correctionnel-de-bordeaux-confirme-sa-position-sur-la-fleur-de-chanvre;post;0;267;à faire;;
310;/post/commerce-de-cbd-assemblée-nationale-le-jugement-d-inconventionnalité-obtenu-par-le-cabinet-inspir;post;0;264;à faire;;
311;/post/affaire-tragique-à-commensacq-quand-vengeance-et-drames-familiaux-s-entremêlent;post;0;240;à faire;;
312;/post/trafic-de-stupéfiants-et-go-fast;post;0;238;à faire;;
313;/post/matricide-et-infanticide-à-saint-denis-de-pile-maître-plouton-assurait-la-défense-de-monsieur-g-d;post;0;234;à faire;;
314;/post/blanchiment-international-décision-favorable-en-appel-pour-notre-client;post;0;233;à faire;;
315;/post/affaire-omer-y-une-défense-stratégique-face-à-un-dossier-de-go-fast-international;post;0;232;à faire;;
316;/post/ordonnance-protection-violences-conjugales-cas-pratique-bordeaux;post;0;228;à faire;;
317;/post/accident-la-circulation-et-homicide-involontaire-indemnisation-de-près-de-200-000;post;0;223;à faire;;
318;/post/dossier-air-cocaine-au-pays-basque-maître-plouton-intervient-en-défense-pour-l-un-des-11-prévenus;post;0;220;à faire;;
319;/post/vol-de-chanvre-cbd-indemnisation-de-plus-de-130-000-euros-pour-la-ferme-médicale;post;0;220;à faire;;
320;/post/ordonnance-de-protection-un-bouclier-contre-les-violences-sous-alcool;post;0;219;à faire;;
321;/post/perte-de-chance-de-survie-le-foyer-médicalisé-condamné-pour-le-défaut-de-diagnostic-du-médecin-sal;post;;219;à faire;;
322;/post/au-cœur-de-la-justice-restaurative-retour-sur-une-journée-d-étude-à-bordeaux;post;0;218;à faire;;
323;/post/vente-de-produits-à-base-de-chanvre-contenant-du-cbd-et-du-thc-le-cabinet-obtient-la-1ère-décision;post;0;215;à faire;;
324;/post/décès-d-un-supporter-nantais-avant-le-match-fc-nantes-ogc-nice;post;0;213;à faire;;
325;/post/défense-des-consommateurs-panneaux-solaires-photovoltaïque-nullité-du-contrat-soleeco-et-du-prê;post;0;213;à faire;;
326;/post/abus-de-faiblesse-relaxe-et-restitution-d-une-caution-de-50-000-pour-notre-cliente;post;;210;à faire;;
327;/post/arnaque-aux-panneaux-solaires-les-dirigeants-et-commerciaux-d-ideal-enr-condamnés-pour-abus-de-fai;post;;209;à faire;;
328;/post/trafic-de-stupéfiants-dans-le-quartier-des-ecus-au-bouscat-le-cabinet-interviendra-en-défense-pour;post;0;208;à faire;;
329;/post/victime-d-une-agression-au-tesson-de-bouteille-à-bordeaux-indemnisation-de-près-de-25-000;post;0;208;à faire;;
330;/post/agression-à-la-machette-de-l-urgence-à-la-réparation-intégrale-notre-cabinet-intervient;post;0;207;à faire;;
331;/post/violences-urbaines-à-camblanes-et-meynac;post;0;207;à faire;;
332;/post/chute-dans-la-gare-saint-jean-à-bordeaux-indemnisation-de-60-000-pour-la-victime;post;0;205;à faire;;
333;/post/perte-d-exploitation-de-la-patisserie-antoine-le-cabinet-fait-condamner-l-assureur-a-verser-plus-d;post;0;204;à faire;;
334;/post/féminicide-de-mérignac-le-cabinet-lance-une-action-pour-faute-lourde-contre-l-etat;post;0;202;à faire;;
335;/post/interview-de-maître-plouton-dans-le-figaro-et-the-times-sur-les-de-vols-grands-crus-classés-à-la-sui;post;0;202;à faire;;
336;/post/l-enregistrement-intégral-d-un-procès-d-assises-à-bordeaux;post;;202;à faire;;
337;/post/accident-de-ski-dans-les-pyrénées-indemnisation-de-près-de-40-000;post;;201;à faire;;
338;/post/achat-de-véhicules-étrangers-sur-internet-escroquerie-en-bande-organisée-le-cabinet-lance-une-sé;post;;201;à faire;;
339;/post/défense-du-gérant-d-une-entreprise-de-prestations-viticoles-poursuivi-pour-traite-des-êtres-humains;post;0;201;à faire;;
340;/post/accident-de-moto-en-corse-le-cabinet-obtient-une-indemnisation-à-hauteur-de-2-millions-d-euros-pou;post;;200;à faire;;
341;/post/affaire-chahinez-daoud-vers-un-procès-devant-la-cour-d-assises-de-la-gironde;post;0;200;à faire;;
342;/post/cbd-au-mans-nouvelle-relaxe-en-appel-pour-le-gérant-de-société-poursuivi-pour-trafic-de-stupéfiant-1;post;0;200;à faire;;
343;/post/directeur-d-agence-bancaire-relaxé-après-une-plainte-pour-escroquerie;post;0;200;à faire;;
344;/post/cbd-à-paris-non-lieu-prononcé-par-un-juge-d-instruction-et-restitutions-pour-un-gérant-de-boutique;post;;199;à faire;;
345;/post/défense-pénale-d-une-cheffe-d-entreprise-devant-la-cour-d-appel-de-bordeaux;post;;199;à faire;;
346;/post/infirmière-du-chu-pellegrin-à-bordeaux-victime-d-un-accident-de-trajet-indemnisation-de-plus-30-000;post;0;199;à faire;;
347;/post/victime-d-accident-de-la-circulation-le-cabinet-se-bat-pour-vos-intérêts-indemnisation-comp;post;0;199;à faire;;
348;/post/chute-dans-un-parking-public-à-bordeaux-indemnisation-de-plus-de-30-000-pour-la-victime;post;0;197;à faire;;
349;/post/auteur-de-bandes-dessinées-condamné-pour-le-meurtre-de-son-oncle-1;post;0;195;à faire;;
350;/post/indemnité-de-186-000-pour-la-victime-d-une-agression-à-la-machette-cours-de-l-yser-à-bordeaux;post;0;195;à faire;;
351;/post/incendie-de-la-rue-erlanger-190-000-d-indemnisation-provisoire-pour-les-victimes-assistées-par-l;post;;194;à faire;;
352;/post/licenciement-sans-cause-réelle-et-sérieuse-indemnisation-de-plus-de-15-000-euros-pour-un-salarié-ag;post;;194;à faire;;
353;/post/victime-d-accident-de-la-circulation-et-tétraplégie-indemnisation-complémentaire-de-plus-de-500-00;post;0;193;à faire;;
354;/post/chauffeur-de-taxi-agressé-après-un-accident-de-la-circulation-sur-les-boulevards-à-bordeaux-indemni;post;0;192;à faire;;
355;/post/accident-de-moto-au-pays-basque-indemnisation-de-plus-de-60-000-pour-le-pilote-soit-un-triplement;post;0;191;à faire;;
356;/post/cannabidiol-le-cabinet-obtient-une-nouvelle-décision-de-relaxe-pour-un-commerçant-à-nîmes-les-aut;post;0;191;à faire;;
357;/post/vente-d-un-appartement-à-lacanau-océan-diminution-du-prix-de-vente-de-plus-de-20-000-pour-l-ache;post;0;191;à faire;;
358;/post/relaxe-dans-une-affaire-de-tromperie-sur-les-compteurs-kilométriques-de-véhicules-d-occasion;post;0;190;à faire;;
359;/post/trafics-de-stupéfiants-transfrontaliers-france-espagne;post;0;190;à faire;;
360;/post/violences-sous-le-tropique-intervention-en-partie-civile-aux-assises-de-mayotte;post;0;190;à faire;;
361;/post/blanchiment-d-argent-lié-à-un-trafic-de-stupéfiant;post;;188;à faire;;
362;/post/braquage-de-footballeurs-professionnels-focus-sur-ce-nouveau-phénomène-à-l-occasion-d-un-procès-où;post;;188;à faire;;
363;/post/go-fast-franco-espagnol-relaxe-confirmée-par-la-cour-d-appel-de-bordeaux;post;0;188;à faire;;
364;/post/cour-d-assises-de-la-gironde-extorsion-avec-arme-séquestration-et-meurtre-maître-plouton-assist;post;0;187;à faire;;
365;/post/indemnisation-du-fils-de-la-victime-d-un-assassinat-par-incendie-criminel-à-aunay-sous-crécy;post;;187;à faire;;
366;/post/lutte-contre-les-violences-conjugales-et-crimes-sur-conjoints;post;;187;à faire;;
367;/post/coup-mortel-jugé-devant-la-cour-d-assises-de-la-gironde-intervention-en-défense-1;post;0;186;à faire;;
368;/post/droit-du-travail-requalification-contrat-à-durée-déterminée-en-contrat-à-durée-indéterminée-le-c;post;0;186;à faire;;
369;/post/enfants-français-retenus-en-syrie-lettre-ouverte-au-ministre-des-affaires-étrangères;post;0;186;à faire;;
370;/post/indemnisation-accident-de-la-route-à-arcachon-piéton-percuté-par-un-gyropode-25-000-d-indemnisat;post;;186;à faire;;
371;/post/trafic-d-1-7-tonnes-de-cocaïne-le-cabinet-obtient-la-remise-en-liberté-de-son-client;post;0;186;à faire;;
372;/post/triple-infanticide-à-mérignac-le-cabinet-saisit-en-défense-par-madame-d-mis-en-examen-du-chef-d-a;post;;186;à faire;;
373;/post/violences-volontaires-avec-arme-en-réunion-au-bar-les-cascades-à-lormont;post;0;186;à faire;;
374;/post/acquittement-devant-la-cour-d-assises-de-la-gironde-dans-l-affaire-du-braquage-de-la-bijouterie-la;post;;185;à faire;;
375;/post/agression-gratuite-dans-la-rue-indemnisation-de-près-de-25-000-euros-pour-notre-client;post;;185;à faire;;
376;/post/arnaques-au-photovoltaïque-le-cabinet-obtient-l-annulation-des-contrats-de-vente-et-de-prêt-affect;post;;185;à faire;;
377;/post/crime-de-podensac-indemnisation-de-près-de-140-000-pour-la-famille-de-la-victime;post;;185;à faire;;
378;/post/feminicide-de-mérignac-revue-des-actions-menées-par-le-cabinet-pour-la-famille-de-chahinez;post;;185;à faire;;
379;/post/féminicide-de-mérignac-le-combat-continue-pour-la-famille-de-chahinez-daoud;post;0;185;à faire;;
380;/post/le-cabinet-obtient-la-relaxe-de-son-client-dans-une-affaire-de-proxénétisme-hôtelier;post;0;185;à faire;;
381;/post/procès-devant-la-cour-d-assises-d-appel-de-la-charente-tentative-de-suicide-collectif-par-incendie;post;;185;à faire;;
382;/post/tentative-d-assassinat-au-chu-de-pellegrin;post;;185;à faire;;
383;/post/vins-de-bordeaux-vols-de-grands-crus-classés-en-bande-organisée-notre-client-remis-en-liberté-à;post;;185;à faire;;
384;/post/assassinats-et-tentative-d-assassinat-devant-la-cour-d-assises-de-la-gironde;post;;184;à faire;;
385;/post/importation-et-trafic-de-stupéfiants-depuis-l-espagne-et-le-maroc-relaxe-partielle-devant-la-cour-d;post;;184;à faire;;
386;/post/indemnisation-d-un-joueur-de-rugby-victime-de-violences-avec-arme;post;0;184;à faire;;
387;/post/instruction-criminelle-pour-assassinat-en-normandie;post;;184;à faire;;
388;/post/proxénétisme-dans-un-hammam-bordelais-le-cabinet-obtient-le-maintien-en-liberté-de-la-gérante-à-l;post;0;184;à faire;;
389;/post/salariée-licenciée-pour-faute-grave-indemnisation-de-plus-de-40-000-devant-la-chambre-sociale-de;post;;184;à faire;;
390;/post/trafic-de-stupéfiants-à-la-cité-maurice-thorez-à-bègles-le-cabinet-saisi-en-défense-par-l-un-des-m;post;;184;à faire;;
391;/post/meurtre-de-podensac-parties-civiles-devant-la-cour-d-assises-de-la-gironde;post;;183;à faire;;
392;/post/mort-par-balles-à-castillon-la-bataille-le-cabinet-saisi-en-défense-par-l-un-des-mis-en-examen;post;;183;à faire;;
393;/post/violences-entre-supporters-lors-du-match-nantes-nice-du-2-décembre-2023;post;0;183;à faire;;
394;/post/soustraction-de-mineurs-abandon-moral-et-matériel-de-mineurs-en-relation-avec-une-entreprise-terro;post;;182;à faire;;
395;/post/fillette-tombée-du-pont-de-pierre-dans-la-garonne-le-père-jugé-aux-assises;post;0;180;à faire;;
396;/post/interview-de-m-plouton-dans-l-émission-allo-ici-bouvard-du-03-novembre-2019;post;0;180;à faire;;
397;/post/indemnisation-d-un-client-agressé-par-un-portier-de-discothèque-quai-de-paludate-13-000-pour-12;post;;179;à faire;;
398;/post/la-deuxième-chambre-civile-de-la-cour-de-cassation-dans-un-arrêt-du-8-juin-dernier-valide-le-raiso;post;0;179;à faire;;
399;/post/vol-de-grands-crus-classés-et-recel-dans-le-bordelais-épisode-2-de-l-importance-de-l-étude-de-la;post;0;179;à faire;;
400;/post/braquage-de-l-agence-postale-de-chèvres-richemont-maître-plouton-intervient-en-partie-civile-devant;post;0;178;à faire;;
401;/post/cap-ferret-2-marins-propriétaires-de-pinasses-indemnisés-pour-atteinte-à-leur-droit-à-l-image;post;0;177;à faire;;
402;/post/affaire-de-commensacq-maitre-plouton-saisi-en-défense-dans-le-cadre-de-l-instruction-criminelle;post;;176;à faire;;
403;/post/le-cabinet-lance-une-procédure-en-contrefaçon-et-parasitisme-commercial-pour-l-artiste-bordelais-lau;post;0;176;à faire;;
404;/post/le-cabinet-obtient-la-relaxe-et-une-peine-inférieure-aux-réquisitions-pour-deux-prévenus-jugés-pour;post;;176;à faire;;
405;/post/location-de-photocopieurs-le-cabinet-saisi-par-des-professionnels-de-santé-qui-s-estiment-trompés;post;;176;à faire;;
406;/post/main-levée-d-un-mandat-d-arrêt-européen-pour-un-homme-d-affaires-belge-et-peine-intégralement-assort;post;;176;à faire;;
407;/post/jugement-d-un-gang-de-braqueurs;post;0;175;à faire;;
408;/post/accident-de-la-circulation-sur-l-a63-indemnisation-de-plus-de-80-000-pour-un-homicide-involontair;post;0;173;à faire;;
409;/post/homicide-involontaire-et-accident-du-travail-à-hosteins-indemnisation-de-140-000-pour-le-préjudi;post;;173;à faire;;
410;/post/le-cabinet-obtient-la-résolution-judiciaire-des-contrats-de-crédit-affecté-et-de-vente-avec-effet-ré;post;;173;à faire;;
411;/post/nullité-de-la-procédure-et-relaxe-d-un-client-dans-un-dossier-de-traffic-de-stupéfiants;post;;173;à faire;;
412;/post/une-arnaque-à-15-millions-d-euros;post;0;173;à faire;;
413;/post/accident-de-la-circulation-à-angoulême-le-cabinet-obtient-une-indemnisation-de-90-000-pour-ses-cl;post;;172;à faire;;
414;/post/assises-de-la-gironde-l-un-des-accusés-s-est-fait-la-belle-avant-le-verdict;post;;172;à faire;;
415;/post/indemnisation-d-une-victime-d-un-accident-de-la-circulation-90-000-de-dommages-et-intérêts;post;;172;à faire;;
416;/post/le-cabinet-obtient-la-nullité-de-procédures-en-matière-de-contrôles-de-stupéfiants;post;;172;à faire;;
417;/post/vol-à-main-armée-de-la-poste-de-périgueux-maître-plouton-assiste-les-victimes;post;;172;à faire;;
418;/post/coups-mortels-à-bordeaux-lac;post;0;171;à faire;;
419;/post/intervention-en-défense-dans-le-cadre-d-une-affaire-de-trafic-de-stupéfiant;post;;171;à faire;;
420;/post/accusé-de-viol-il-avait-été-incarcéré-trois-ans-avant-d-être-acquitté-par-la-cour-d-assises;post;;170;à faire;;
421;/post/coups-mortels-acquittement-et-mi-peine-pour-les-accusés;post;;169;à faire;;
422;/post/infractions-routières-liées-à-l-alcool-interview-podcast-de-maitre-plouton-chez-les-experts-de-fra;post;0;169;à faire;;
423;/post/trafic-international-de-cocaïne;post;;169;à faire;;
424;/post/règlement-de-comptes-entre-2-familles-issues-de-la-communauté-des-gens-du-voyage-le-jour-de-noël-r;post;;166;à faire;;
425;/post/destruction-d-un-bien-d-autrui-par-moyen-dangereux;post;;165;à faire;;
426;/post/indemnisation-des-victimes-d-accidents-interview-dans-l-émission-les-experts-de-france-bleu-gironde;post;0;165;à faire;;
427;/post/meurtre-à-carbon-blanc-maître-plouton-intervient-pour-défendre-les-intérêts-de-la-famille-de-la-vi;post;;165;à faire;;
428;/post/maître-plouton-intervient-pour-une-victime-d-usurpation-d-identité-et-d-abus-de-confiance-commis-par;post;;164;à faire;;
429;/post/cour-d-assises-d-appel-de-la-charente-diminution-de-peine-pour-l-accusé;post;;163;à faire;;
430;/post/droit-pénal-des-victimes-victime-tuée-par-arme-à-feu-homicide-involontaire;post;;163;à faire;;
431;/post/installation-de-panneaux-photovoltaïques-et-faute-de-la-banque-nos-clients-indemnisés;post;;163;à faire;;
432;/post/une-escroquerie-à-15-millions;post;;163;à faire;;
433;/post/cour-d-assises-des-mineurs-de-la-charente-intervention-en-défense;post;;162;à faire;;
434;/post/accident-de-la-circulation-perte-de-contrôle-d-un-véhicule;post;;161;à faire;;
435;/post/vol-accompagné-de-violences-mortelles-à-vayres;post;;159;à faire;;
436;/post/intervention-en-défense-dans-le-cadre-d-rsquo-une-affaire-de-coups-mortels;post;;158;à faire;;
437;/post/rixe-entre-chasseur-et-pêcheur-plus-de-30-000-euros-d-indemnisation-pour-la-victime-atteinte-par-d;post;0;144;à faire;;
438;/post/restitution-de-39-000-la-protection-du-tiers-propriétaire-devant-le-tribunal-correctionnel-de-pa;post;0;143;à faire;;
439;/post/proxénétisme-et-plateformes-d-annonces-la-défense-critique-la-distorsion-entre-la-réalité-humaine;post;0;133;à faire;;
440;/post/nouvelle-victoire-pour-les-petites-entreprises-victimes-de-démarchage-entre-caducité-et-nullité-du;post;0;126;à faire;;
441;/post/accident-de-la-circulation-à-moto-une-indemnisation-amiable-doublée-après-l-intervention-du-cabine;post;0;105;à faire;;
442;/comprendre-le-droit;blog-nav;0;;à faire;;
443;/cookies;cabinet;;;à faire;;
444;/defense-penale/trafic-de-stupefiants;expertise;;;à faire;;
445;/droit-des-contrats-et-des-personnes;hub;0;;à faire;;
446;/droit-des-contrats-et-des-personnes/droit-assurances-particuliers-professionnels;expertise;0;;à faire;;
447;/indemnisation-des-victimes/accidents-de-la-vie-courante;expertise;0;;à faire;;
448;/medias;blog-nav;;;à faire;;
449;/politique-de-confidentialite;cabinet;;;à faire;;
